Model,Simple Random,Stratified
m1,0.99,0.9967320261437909
m2,0.925,0.9509803921568627
m3,0.94,0.9836601307189542
m4,0.96,0.9869281045751634
m5,0.92,0.9771241830065359
